````markdown
# Atividade 3: EvidÃªncias do Tutorial ğŸ“œ


## DescriÃ§Ã£o da Atividade ğŸ“‹

Este tutorial demonstra as operaÃ§Ãµes bÃ¡sicas de CRUD (Create, Read, Update, Delete) em uma tabela do Cassandra usando a Linguagem de Consulta Cassandra (CQL).

---

### CREATE KEYSPACE ğŸ”‘

Cria um novo keyspace para armazenar os dados.

```sql
CREATE KEYSPACE minhakeyspaceCetec2
WITH replication = {
  'class': 'SimpleStrategy',
  'replication_factor': 1
};
````

### USE KEYSPACE ğŸ‘‰

Seleciona o keyspace recÃ©m-criado para ser utilizado nos comandos seguintes.

```sql
USE minhakeyspaceCetec2;
```

### CREATE TABLE ğŸ“

Cria a tabela `alunos` dentro do keyspace `minhakeyspaceCetec2`.

```sql
CREATE TABLE alunos (
    id UUID PRIMARY KEY,
    nome TEXT,
    email TEXT,
    idade INT,
    curso TEXT
);
```

### INSERT â•

Insere um novo registro na tabela `alunos`.

```sql
INSERT INTO alunos (id, nome, email, idade, curso)
VALUES (uuid(), 'Maria Silva', 'maria.silva@cetec.edu', 23, 'Analise de Sistema');
```

### SELECT ğŸ”

Consulta e exibe todos os registros da tabela `alunos`.

```sql
SELECT * FROM alunos;
```

**SaÃ­da:**

```
 id                                   | curso              | email                 | idade | nome
--------------------------------------+--------------------+-----------------------+-------+-------------
 a6e8dc1c-b2ab-439d-86ed-be04f83436f5 | Analise de Sistema | maria.silva@cetec.edu |    23 | Maria Silva

(1 rows)
```

### UPDATE ğŸ”„

Atualiza a idade do registro que corresponde ao `id` especificado.

```sql
UPDATE alunos
SET idade = 31
WHERE id = a6e8dc1c-b2ab-439d-86ed-be04f83436f5;
```

**SaÃ­da apÃ³s verificaÃ§Ã£o:**

```
 id                                   | curso              | email                 | idade | nome
--------------------------------------+--------------------+-----------------------+-------+-------------
 a6e8dc1c-b2ab-439d-86ed-be04f83436f5 | Analise de Sistema | maria.silva@cetec.edu |    31 | Maria Silva

(1 rows)
```

### DELETE ğŸ—‘ï¸

Remove um registro da tabela `alunos` baseado no seu `id`.

```sql
DELETE FROM alunos
WHERE id = a6e8dc1c-b2ab-439d-86ed-be04f83436f5;
```